	en	ru	ru_tokens	en_tokens
0	Five On A Treasure Island Famous Five 01 Enid Blyton 	Энид Блайтон Тайна острова сокровищ 	['Энид', 'Блайтон', 'Тайна', 'острова', 'сокровищ']	['Five', 'On', 'A', 'Treasure', 'Island', 'Famous', 'Five', '01', 'Enid', 'Blyton']
1	Chapter One A GREAT SURPRISE 	БОЛЬШОЙ СЮРПРИЗ 	['БОЛЬШОЙ', 'СЮРПРИЗ']	['Chapter', 'One', 'A', 'GREAT', 'SURPRISE']
2	"""Mother, have you heard about our summer holidays yet?"" said Julian, at the breakfast-table. "	— Мама, ты уже решила что-нибудь насчет наших каникул? — спросил Джулиан за завтраком. 	['—', 'Мама', 'ты', 'уже', 'решила', 'что-нибудь', 'насчет', 'наших', 'каникул', '—', 'спросил', 'Джулиан', 'за', 'завтраком']	['Mother', 'have', 'you', 'heard', 'about', 'our', 'summer', 'holidays', 'yet', 'said', 'Julian', 'at', 'the', 'breakfast-table']
3	"""Can we go to Polseath as usual?"" "	— Поедем, как всегда, в Полсит? 	['—', 'Поедем', 'как', 'всегда', 'в', 'Полсит']	['Can', 'we', 'go', 'to', 'Polseath', 'as', 'usual']
4	"""I'm afraid not,"" said his mother. "	— Боюсь, что нет, — ответила мама. 	['—', 'Боюсь', 'что', 'нет', '—', 'ответила', 'мама']	"[""I'm"", 'afraid', 'not', 'said', 'his', 'mother']"
5	"""They are quite full up this year."" "	— В этом году у них и без нас полно постояльцев. 	['—', 'В', 'этом', 'году', 'у', 'них', 'и', 'без', 'нас', 'полно', 'постояльцев']	['They', 'are', 'quite', 'full', 'up', 'this', 'year']
6	The three children at the breakfast-table looked at one another in great disappointment. 	Трое ребят за столом разочарованно посмотрели друг на друга. 	['Трое', 'ребят', 'за', 'столом', 'разочарованно', 'посмотрели', 'друг', 'на', 'друга']	['The', 'three', 'children', 'at', 'the', 'breakfast-table', 'looked', 'at', 'one', 'another', 'in', 'great', 'disappointment']
7	They did so love the house at Polseath. 	Им так нравился дом в Полсите. 	['Им', 'так', 'нравился', 'дом', 'в', 'Полсите']	['They', 'did', 'so', 'love', 'the', 'house', 'at', 'Polseath']
8	The beach was so lovely there, too, and the bathing was fine. 	А потом, там такой чудесный пляж и такое купание! 	['А', 'потом', 'там', 'такой', 'чудесный', 'пляж', 'и', 'такое', 'купание']	['The', 'beach', 'was', 'so', 'lovely', 'there', 'too', 'and', 'the', 'bathing', 'was', 'fine']
9	"""Cheer up,"" said Daddy. "	— Не расстраивайтесь, — утешил их папа. 	['—', 'Не', 'расстраивайтесь', '—', 'утешил', 'их', 'папа']	['Cheer', 'up', 'said', 'Daddy']
10	"""I dare say we'll find somewhere else just as good for you. "	— Я уверен, найдем для вас место не хуже этого. 	['—', 'Я', 'уверен', 'найдем', 'для', 'вас', 'место', 'не', 'хуже', 'этого']	"['I', 'dare', 'say', ""we'll"", 'find', 'somewhere', 'else', 'just', 'as', 'good', 'for', 'you']"
11	And anyway, Mother and I won't be able to go with you this year. 	У нас с мамой в этом году другие планы — поехать в Шотландию. 	['У', 'нас', 'с', 'мамой', 'в', 'этом', 'году', 'другие', 'планы', '—', 'поехать', 'в', 'Шотландию']	"['And', 'anyway', 'Mother', 'and', 'I', ""won't"", 'be', 'able', 'to', 'go', 'with', 'you', 'this', 'year']"
12	"Has Mother told you?"" "	Мама сказала вам об этом? 	['Мама', 'сказала', 'вам', 'об', 'этом']	['Has', 'Mother', 'told', 'you']
13	"""No!"" said Anne. "	— Нет, — ответила Энн. 	['—', 'Нет', '—', 'ответила', 'Энн']	['No', 'said', 'Anne']
14	"""Oh, Mother—is it true? "	— Мама, это правда? 	['—', 'Мама', 'это', 'правда']	['Oh', 'Mother—is', 'it', 'true']
15	Can't you really come with us on our holidays? 	Разве ты не сможешь провести с нами каникулы? 	['Разве', 'ты', 'не', 'сможешь', 'провести', 'с', 'нами', 'каникулы']	"[""Can't"", 'you', 'really', 'come', 'with', 'us', 'on', 'our', 'holidays']"
16	"You always do."" "	Ты ведь всегда ездила с нами. 	['Ты', 'ведь', 'всегда', 'ездила', 'с', 'нами']	['You', 'always', 'do']
17	"""Well, this time Daddy wants me to go to Scotland with him,"" said Mother. ""All by ourselves! And as you are really getting big enough to look after yourselves now, we thought it would be rather fun for you to have a holiday on your own too. "	— В этом году мы хотим поехать одни, вы уже достаточно самостоятельные, и вам будет даже интересно провести каникулы без нас. 	['—', 'В', 'этом', 'году', 'мы', 'хотим', 'поехать', 'одни', 'вы', 'уже', 'достаточно', 'самостоятельные', 'и', 'вам', 'будет', 'даже', 'интересно', 'провести', 'каникулы', 'без', 'нас']	['Well', 'this', 'time', 'Daddy', 'wants', 'me', 'to', 'go', 'to', 'Scotland', 'with', 'him', 'said', 'Mother', 'All', 'by', 'ourselves', 'And', 'as', 'you', 'are', 'really', 'getting', 'big', 'enough', 'to', 'look', 'after', 'yourselves', 'now', 'we', 'thought', 'it', 'would', 'be', 'rather', 'fun', 'for', 'you', 'to', 'have', 'a', 'holiday', 'on', 'your', 'own', 'too']
18	"But now that you can't go to Polseath, I don't really quite know where to send you."" "	Правда, вместо Полсита пока не представляю, куда вас отправить. 	['Правда', 'вместо', 'Полсита', 'пока', 'не', 'представляю', 'куда', 'вас', 'отправить']	"['But', 'now', 'that', 'you', ""can't"", 'go', 'to', 'Polseath', 'I', ""don't"", 'really', 'quite', 'know', 'where', 'to', 'send', 'you']"
19	"""What about Quentin's?"" suddenly said Daddy. "	— А как насчет Квентина? — спросил папа. 	['—', 'А', 'как', 'насчет', 'Квентина', '—', 'спросил', 'папа']	"['What', 'about', ""Quentin's"", 'suddenly', 'said', 'Daddy']"
20	Quentin was his brother, the children's uncle. 	Квентин был его братом. 	['Квентин', 'был', 'его', 'братом']	"['Quentin', 'was', 'his', 'brother', 'the', ""children's"", 'uncle']"
21	They had only seen him once, and had been rather frightened of him. 	Дети видели его только один раз и немного побаивались. 	['Дети', 'видели', 'его', 'только', 'один', 'раз', 'и', 'немного', 'побаивались']	['They', 'had', 'only', 'seen', 'him', 'once', 'and', 'had', 'been', 'rather', 'frightened', 'of', 'him']
22	He was a very tall, frowning man, a clever scientist who spent all his time studying. 	Этот умный, очень высокий, всегда угрюмый человек был вечно занят своими научными изысканиями. 	['Этот', 'умный', 'очень', 'высокий', 'всегда', 'угрюмый', 'человек', 'был', 'вечно', 'занят', 'своими', 'научными', 'изысканиями']	['He', 'was', 'a', 'very', 'tall', 'frowning', 'man', 'a', 'clever', 'scientist', 'who', 'spent', 'all', 'his', 'time', 'studying']
23	He lived by the sea— but that was about all that the children knew of him! 	Он жил у моря — больше ничего ребята о нём не знали. 	['Он', 'жил', 'у', 'моря', '—', 'больше', 'ничего', 'ребята', 'о', 'нём', 'не', 'знали']	['He', 'lived', 'by', 'the', 'sea—', 'but', 'that', 'was', 'about', 'all', 'that', 'the', 'children', 'knew', 'of', 'him']
24	"""Quentin?"" said Mother, pursing up her lips. "	— Насчет Квентина? — переспросила мама. 	['—', 'Насчет', 'Квентина', '—', 'переспросила', 'мама']	['Quentin', 'said', 'Mother', 'pursing', 'up', 'her', 'lips']
25	"""Whatever made you think of him? "	— Почему это ты вдруг подумал о нем? 	['—', 'Почему', 'это', 'ты', 'вдруг', 'подумал', 'о', 'нем']	['Whatever', 'made', 'you', 'think', 'of', 'him']
26	"I shouldn't think he'd want the children messing about in his little house."" "	Вряд ли он захочет, чтобы дети поселились в их небольшом доме и мешали ему. 	['Вряд', 'ли', 'он', 'захочет', 'чтобы', 'дети', 'поселились', 'в', 'их', 'небольшом', 'доме', 'и', 'мешали', 'ему']	"['I', ""shouldn't"", 'think', ""he'd"", 'want', 'the', 'children', 'messing', 'about', 'in', 'his', 'little', 'house']"
27	"""Well,"" said Daddy, ""I had to see Quentin's wife in town the other day, about a business matter— and I don't think things are going too well for them. "	— На днях я виделся с женой Квентина по делу. У них, по-моему, какие-то материальные трудности. 	['—', 'На', 'днях', 'я', 'виделся', 'с', 'женой', 'Квентина', 'по', 'делу', 'У', 'них', 'по-моему', 'какие-то', 'материальные', 'трудности']	"['Well', 'said', 'Daddy', 'I', 'had', 'to', 'see', ""Quentin's"", 'wife', 'in', 'town', 'the', 'other', 'day', 'about', 'a', 'business', 'matter—', 'and', 'I', ""don't"", 'think', 'things', 'are', 'going', 'too', 'well', 'for', 'them']"
28	Fanny said that she would be quite glad if she could hear of one or two people to live with her for a while, to bring a little money in. Their house is by the sea, you know. 	Фанни мне говорила, что была бы не прочь на время пустить одного или двух постояльцев за плату, ведь дом — на самом берегу моря. 	['Фанни', 'мне', 'говорила', 'что', 'была', 'бы', 'не', 'прочь', 'на', 'время', 'пустить', 'одного', 'или', 'двух', 'постояльцев', 'за', 'плату', 'ведь', 'дом', '—', 'на', 'самом', 'берегу', 'моря']	['Fanny', 'said', 'that', 'she', 'would', 'be', 'quite', 'glad', 'if', 'she', 'could', 'hear', 'of', 'one', 'or', 'two', 'people', 'to', 'live', 'with', 'her', 'for', 'a', 'while', 'to', 'bring', 'a', 'little', 'money', 'in', 'Their', 'house', 'is', 'by', 'the', 'sea', 'you', 'know']
29	It might be just the thing for the children. 	Нашим ребятам наверняка там было бы хорошо. 	['Нашим', 'ребятам', 'наверняка', 'там', 'было', 'бы', 'хорошо']	['It', 'might', 'be', 'just', 'the', 'thing', 'for', 'the', 'children']
30	"Fanny is very nice— she would look after them well."" "	Фанни — очень славная, она за ними присмотрит как следует. 	['Фанни', '—', 'очень', 'славная', 'она', 'за', 'ними', 'присмотрит', 'как', 'следует']	['Fanny', 'is', 'very', 'nice—', 'she', 'would', 'look', 'after', 'them', 'well']
31	"""Yes— and she has a child of her own too, hasn't she?"" said the children's mother. "	— Да, и у нее, кстати, тоже есть дочка, — поддержала его мама. 	['—', 'Да', 'и', 'у', 'нее', 'кстати', 'тоже', 'есть', 'дочка', '—', 'поддержала', 'его', 'мама']	"['Yes—', 'and', 'she', 'has', 'a', 'child', 'of', 'her', 'own', 'too', ""hasn't"", 'she', 'said', 'the', ""children's"", 'mother']"
32	"""Let me see— what's her name— something funny— yes, Georgina! "	— Как ее зовут? Как-то очень странно. Ах, да, Джорджина. 	['—', 'Как', 'ее', 'зовут', 'Как-то', 'очень', 'странно', 'Ах', 'да', 'Джорджина']	"['Let', 'me', 'see—', ""what's"", 'her', 'name—', 'something', 'funny—', 'yes', 'Georgina']"
33	How old would she be? 	Сколько ей лет? 	['Сколько', 'ей', 'лет']	['How', 'old', 'would', 'she', 'be']
34	"About eleven, I should think."" "	По-моему, что-то около одиннадцати. 	['По-моему', 'что-то', 'около', 'одиннадцати']	['About', 'eleven', 'I', 'should', 'think']
35	"""Same age as me,"" said Dick. "	— Столько же, сколько мне, — сказал Дик. 	['—', 'Столько', 'же', 'сколько', 'мне', '—', 'сказал', 'Дик']	['Same', 'age', 'as', 'me', 'said', 'Dick']
36	"""Fancy having a cousin we've never seen! "	— Значит, у нас есть двоюродная сестра, которую мы никогда не видели! 	['—', 'Значит', 'у', 'нас', 'есть', 'двоюродная', 'сестра', 'которую', 'мы', 'никогда', 'не', 'видели']	"['Fancy', 'having', 'a', 'cousin', ""we've"", 'never', 'seen']"
37	She must be jolly lonely all by herself. 	Ей, наверно, очень одиноко. 	['Ей', 'наверно', 'очень', 'одиноко']	['She', 'must', 'be', 'jolly', 'lonely', 'all', 'by', 'herself']
38	I've got Julian and Anne to play with— but Georgina is just one on her own. 	Я могу играть с Джулианом и Энн, а у Джорджины никого нет. 	['Я', 'могу', 'играть', 'с', 'Джулианом', 'и', 'Энн', 'а', 'у', 'Джорджины', 'никого', 'нет']	"[""I've"", 'got', 'Julian', 'and', 'Anne', 'to', 'play', 'with—', 'but', 'Georgina', 'is', 'just', 'one', 'on', 'her', 'own']"
39	"I should think she'd be glad to see us."" "	Она, наверно, обрадуется нашему приезду. 	['Она', 'наверно', 'обрадуется', 'нашему', 'приезду']	"['I', 'should', 'think', ""she'd"", 'be', 'glad', 'to', 'see', 'us']"
40	"""Well, your Aunt Fanny said that her Georgina would love a bit of company,"" said Daddy. "	— Знаете, я думаю, что этот вариант решил бы наши трудности, — сказал папа. 	['—', 'Знаете', 'я', 'думаю', 'что', 'этот', 'вариант', 'решил', 'бы', 'наши', 'трудности', '—', 'сказал', 'папа']	['Well', 'your', 'Aunt', 'Fanny', 'said', 'that', 'her', 'Georgina', 'would', 'love', 'a', 'bit', 'of', 'company', 'said', 'Daddy']
41	"""You know, I really think that would solve our difficulty, if we telephone to Fanny and arrange for the children to go there. "	— Давайте позвоним Фанни и договоримся обо всем. 	['—', 'Давайте', 'позвоним', 'Фанни', 'и', 'договоримся', 'обо', 'всем']	['You', 'know', 'I', 'really', 'think', 'that', 'would', 'solve', 'our', 'difficulty', 'if', 'we', 'telephone', 'to', 'Fanny', 'and', 'arrange', 'for', 'the', 'children', 'to', 'go', 'there']
42	"It would help Fanny, I'm sure, and Georgina would love to have someone to play with in the holidays. And we should know that our three were safe."" "	Я уверен, ее это устроит, а у Джорджины будет с кем провести каникулы, мы же сможем не беспокоиться за нашу троицу. 	['Я', 'уверен', 'ее', 'это', 'устроит', 'а', 'у', 'Джорджины', 'будет', 'с', 'кем', 'провести', 'каникулы', 'мы', 'же', 'сможем', 'не', 'беспокоиться', 'за', 'нашу', 'троицу']	"['It', 'would', 'help', 'Fanny', ""I'm"", 'sure', 'and', 'Georgina', 'would', 'love', 'to', 'have', 'someone', 'to', 'play', 'with', 'in', 'the', 'holidays', 'And', 'we', 'should', 'know', 'that', 'our', 'three', 'were', 'safe']"
43	The children began to feel rather excited. 	Ребята пришли в волнение. 	['Ребята', 'пришли', 'в', 'волнение']	['The', 'children', 'began', 'to', 'feel', 'rather', 'excited']
44	It would be fun to go to a place they had never been to before, and stay with an unknown cousin. 	Разве не интересно отправиться в новое место и познакомиться с двоюродной сестрой? 	['Разве', 'не', 'интересно', 'отправиться', 'в', 'новое', 'место', 'и', 'познакомиться', 'с', 'двоюродной', 'сестрой']	['It', 'would', 'be', 'fun', 'to', 'go', 'to', 'a', 'place', 'they', 'had', 'never', 'been', 'to', 'before', 'and', 'stay', 'with', 'an', 'unknown', 'cousin']
45	"""Are there cliffs and rocks and sands there?"" asked Anne. "	— А там есть скалы, камни и песок? — спросила Энн. 	['—', 'А', 'там', 'есть', 'скалы', 'камни', 'и', 'песок', '—', 'спросила', 'Энн']	['Are', 'there', 'cliffs', 'and', 'rocks', 'and', 'sands', 'there', 'asked', 'Anne']
46	"""Is it a nice place?"" "	— Это красивое место? 	['—', 'Это', 'красивое', 'место']	['Is', 'it', 'a', 'nice', 'place']
47	"""I don't remember it very well,"" said Daddy. "	— Я его не очень хорошо помню, — ответил папа. 	['—', 'Я', 'его', 'не', 'очень', 'хорошо', 'помню', '—', 'ответил', 'папа']	"['I', ""don't"", 'remember', 'it', 'very', 'well', 'said', 'Daddy']"
48	"""But I feel sure it's an exciting kind of place. "	— Но уверен, что там очень интересно. 	['—', 'Но', 'уверен', 'что', 'там', 'очень', 'интересно']	"['But', 'I', 'feel', 'sure', ""it's"", 'an', 'exciting', 'kind', 'of', 'place']"
49	Anyway, you'll love it! 	Это место называется 	['Это', 'место', 'называется']	"['Anyway', ""you'll"", 'love', 'it']"
50	It's called Kirrin Bay. 	«Залив Киррин» — вам там наверняка понравится. 	['«Залив', 'Киррин»', '—', 'вам', 'там', 'наверняка', 'понравится']	"[""It's"", 'called', 'Kirrin', 'Bay']"
51	"Your Aunt Fanny has lived there all her life, and wouldn't leave it for anything."" "	Ваша тетя Фанни всю жизнь провела там и ни за что не хочет куда-нибудь переезжать. 	['Ваша', 'тетя', 'Фанни', 'всю', 'жизнь', 'провела', 'там', 'и', 'ни', 'за', 'что', 'не', 'хочет', 'куда-нибудь', 'переезжать']	"['Your', 'Aunt', 'Fanny', 'has', 'lived', 'there', 'all', 'her', 'life', 'and', ""wouldn't"", 'leave', 'it', 'for', 'anything']"
52	"""Oh Daddy, do telephone to Aunt Fanny and ask her if we can go there!"" cried Dick. "	— Папочка, позвони скорее тете Фанни! — воскликнул Дик. 	['—', 'Папочка', 'позвони', 'скорее', 'тете', 'Фанни', '—', 'воскликнул', 'Дик']	['Oh', 'Daddy', 'do', 'telephone', 'to', 'Aunt', 'Fanny', 'and', 'ask', 'her', 'if', 'we', 'can', 'go', 'there', 'cried', 'Dick']
53	"""I just feel as if it's the right place somehow. "	— Мне кажется, это то, что надо. 	['—', 'Мне', 'кажется', 'это', 'то', 'что', 'надо']	"['I', 'just', 'feel', 'as', 'if', ""it's"", 'the', 'right', 'place', 'somehow']"
54	"It sounds sort of adventurous!"" "	Вдруг нас там ждут занятные приключения?! 	['Вдруг', 'нас', 'там', 'ждут', 'занятные', 'приключения']	['It', 'sounds', 'sort', 'of', 'adventurous']
55	"""Oh, you always say that, wherever you go!"" said Daddy, with a laugh. "	— Ах, ты всегда так говоришь, куда бы мы ни поехали, — сказал папа, рассмеявшись. 	['—', 'Ах', 'ты', 'всегда', 'так', 'говоришь', 'куда', 'бы', 'мы', 'ни', 'поехали', '—', 'сказал', 'папа', 'рассмеявшись']	['Oh', 'you', 'always', 'say', 'that', 'wherever', 'you', 'go', 'said', 'Daddy', 'with', 'a', 'laugh']
56	"""All right— I'll ring up now, and see if there's any chance."" "	— Хорошо, я сейчас позвоню и все выясню. 	['—', 'Хорошо', 'я', 'сейчас', 'позвоню', 'и', 'все', 'выясню']	"['All', 'right—', ""I'll"", 'ring', 'up', 'now', 'and', 'see', 'if', ""there's"", 'any', 'chance']"
57	They had all finished their breakfast, and they got up to wait for Daddy to telephone. 	Закончив завтрак, ребята поднялись из-за стола и стали ждать, пока папа позвонит. 	['Закончив', 'завтрак', 'ребята', 'поднялись', 'из-за', 'стола', 'и', 'стали', 'ждать', 'пока', 'папа', 'позвонит']	['They', 'had', 'all', 'finished', 'their', 'breakfast', 'and', 'they', 'got', 'up', 'to', 'wait', 'for', 'Daddy', 'to', 'telephone']
58	He went out into the hall, and they heard him putting the call through. 	Он вышел в холл и заказал разговор. 	['Он', 'вышел', 'в', 'холл', 'и', 'заказал', 'разговор']	['He', 'went', 'out', 'into', 'the', 'hall', 'and', 'they', 'heard', 'him', 'putting', 'the', 'call', 'through']
59	"""I hope it's all right for us!"" said Julian. "	— Надеюсь, что все будет в порядке, — сказал Джулиан. 	['—', 'Надеюсь', 'что', 'все', 'будет', 'в', 'порядке', '—', 'сказал', 'Джулиан']	"['I', 'hope', ""it's"", 'all', 'right', 'for', 'us', 'said', 'Julian']"
60	"""I wonder what Georgina's like. "	— Интересно, какая она, Джорджина. 	['—', 'Интересно', 'какая', 'она', 'Джорджина']	"['I', 'wonder', 'what', ""Georgina's"", 'like']"
61	Funny name, isn't it? 	Странное имя, правда? 	['Странное', 'имя', 'правда']	"['Funny', 'name', ""isn't"", 'it']"
62	More like a boy's than a girl's. 	Скорее подходит мальчику, а не девочке. 	['Скорее', 'подходит', 'мальчику', 'а', 'не', 'девочке']	"['More', 'like', 'a', ""boy's"", 'than', 'a', ""girl's""]"
63	So she's eleven— a year younger than I am— same age as you, Dick— and a year older than you, Anne. 	Значит, ей одиннадцать лет, она на год младше меня, одного возраста с Диком и на год старше Энн. 	['Значит', 'ей', 'одиннадцать', 'лет', 'она', 'на', 'год', 'младше', 'меня', 'одного', 'возраста', 'с', 'Диком', 'и', 'на', 'год', 'старше', 'Энн']	"['So', ""she's"", 'eleven—', 'a', 'year', 'younger', 'than', 'I', 'am—', 'same', 'age', 'as', 'you', 'Dick—', 'and', 'a', 'year', 'older', 'than', 'you', 'Anne']"
64	She ought to fit in with us all right. 	Как раз то, что нам нужно. 	['Как', 'раз', 'то', 'что', 'нам', 'нужно']	['She', 'ought', 'to', 'fit', 'in', 'with', 'us', 'all', 'right']
65	"The four of us ought to have a fine time together."" "	Мы вчетвером чудесно проведем время. 	['Мы', 'вчетвером', 'чудесно', 'проведем', 'время']	['The', 'four', 'of', 'us', 'ought', 'to', 'have', 'a', 'fine', 'time', 'together']
66	Daddy came back in about ten minutes' time, and the children knew at once that he had fixed up everything. He smiled round at them. 	Минут через десять вернулся папа, и ребята по его виду сразу же поняли, что он обо всем договорился. 	['Минут', 'через', 'десять', 'вернулся', 'папа', 'и', 'ребята', 'по', 'его', 'виду', 'сразу', 'же', 'поняли', 'что', 'он', 'обо', 'всем', 'договорился']	"['Daddy', 'came', 'back', 'in', 'about', 'ten', ""minutes'"", 'time', 'and', 'the', 'children', 'knew', 'at', 'once', 'that', 'he', 'had', 'fixed', 'up', 'everything', 'He', 'smiled', 'round', 'at', 'them']"
67	"""Well, that's settled,"" he said. "	— Что ж, все устроено, — объявил он. 	['—', 'Что', 'ж', 'все', 'устроено', '—', 'объявил', 'он']	"['Well', ""that's"", 'settled', 'he', 'said']"
68	"""Your Aunt Fanny is delighted about it. "	— Тетя Фанни очень обрадовалась нашему предложению. 	['—', 'Тетя', 'Фанни', 'очень', 'обрадовалась', 'нашему', 'предложению']	['Your', 'Aunt', 'Fanny', 'is', 'delighted', 'about', 'it']
69	She says it will be awfully good for Georgina to have company, because she's such a lonely little girl, always going off by herself. 	Сказала, что Джорджине будет полезно пообщаться с новыми друзьями — ей ведь очень одиноко. 	['Сказала', 'что', 'Джорджине', 'будет', 'полезно', 'пообщаться', 'с', 'новыми', 'друзьями', '—', 'ей', 'ведь', 'очень', 'одиноко']	"['She', 'says', 'it', 'will', 'be', 'awfully', 'good', 'for', 'Georgina', 'to', 'have', 'company', 'because', ""she's"", 'such', 'a', 'lonely', 'little', 'girl', 'always', 'going', 'off', 'by', 'herself']"
70	And she will love looking after you all. 	А тетя с удовольствием за вами присмотрит. 	['А', 'тетя', 'с', 'удовольствием', 'за', 'вами', 'присмотрит']	['And', 'she', 'will', 'love', 'looking', 'after', 'you', 'all']
71	Only you'll have to be careful not to disturb your Uncle Quentin. 	Только вам нужно поменьше беспокоить дядю Квентина. 	['Только', 'вам', 'нужно', 'поменьше', 'беспокоить', 'дядю', 'Квентина']	"['Only', ""you'll"", 'have', 'to', 'be', 'careful', 'not', 'to', 'disturb', 'your', 'Uncle', 'Quentin']"
72	"He is working very hard, and he isn't very good-tempered when he is disturbed."" "	Он очень много работает и легко выходит из себя, когда ему мешают. 	['Он', 'очень', 'много', 'работает', 'и', 'легко', 'выходит', 'из', 'себя', 'когда', 'ему', 'мешают']	"['He', 'is', 'working', 'very', 'hard', 'and', 'he', ""isn't"", 'very', 'good-tempered', 'when', 'he', 'is', 'disturbed']"
73	"""We'll be as quiet as mice in the house!"" said Dick. "	— Будем вести себя тихо, как мышки, — пообещал Дик. 	['—', 'Будем', 'вести', 'себя', 'тихо', 'как', 'мышки', '—', 'пообещал', 'Дик']	"[""We'll"", 'be', 'as', 'quiet', 'as', 'mice', 'in', 'the', 'house', 'said', 'Dick']"
74	"""Honestly we will. "	— Честное слово. 	['—', 'Честное', 'слово']	['Honestly', 'we', 'will']
75	"Oh, goody, goody— when are we going, Daddy?"" "	Как здорово все получилось! Когда мы поедем туда, папа? 	['Как', 'здорово', 'все', 'получилось', 'Когда', 'мы', 'поедем', 'туда', 'папа']	['Oh', 'goody', 'goody—', 'when', 'are', 'we', 'going', 'Daddy']
76	"""Next week, if Mother can manage it,"" said Daddy. "	— На следующей неделе, если мама управится, — ответил папа. 	['—', 'На', 'следующей', 'неделе', 'если', 'мама', 'управится', '—', 'ответил', 'папа']	['Next', 'week', 'if', 'Mother', 'can', 'manage', 'it', 'said', 'Daddy']
77	Mother nodded her head. 	Мама кивнула. 	['Мама', 'кивнула']	['Mother', 'nodded', 'her', 'head']
78	"""Yes,"" she said, "	— Хорошо, — сказала она. 	['—', 'Хорошо', '—', 'сказала', 'она']	['Yes', 'she', 'said']
79	"""There's nothing much to get ready for them— just bathing suits and jerseys and shorts. They all wear the same."" "	— Какие там сложности — собрать их купальники, майки, шорты… 	['—', 'Какие', 'там', 'сложности', '—', 'собрать', 'их', 'купальники', 'майки', 'шорты…']	"[""There's"", 'nothing', 'much', 'to', 'get', 'ready', 'for', 'them—', 'just', 'bathing', 'suits', 'and', 'jerseys', 'and', 'shorts', 'They', 'all', 'wear', 'the', 'same']"
80	"""How lovely it will be to wear shorts again,"" said Anne, dancing round. "	— Как здорово будет опять влезть в шорты! — вскричала Энн, пританцовывая. 	['—', 'Как', 'здорово', 'будет', 'опять', 'влезть', 'в', 'шорты', '—', 'вскричала', 'Энн', 'пританцовывая']	['How', 'lovely', 'it', 'will', 'be', 'to', 'wear', 'shorts', 'again', 'said', 'Anne', 'dancing', 'round']
81	"""I'm tired of wearing school tunics. I want to wear shorts, or a bathing suit, and go bathing and climbing with the boys."" "	— Я устала от школьной формы, хочу ходить в шортах или в купальнике, плавать и лазить по скалам вместе с мальчиками. 	['—', 'Я', 'устала', 'от', 'школьной', 'формы', 'хочу', 'ходить', 'в', 'шортах', 'или', 'в', 'купальнике', 'плавать', 'и', 'лазить', 'по', 'скалам', 'вместе', 'с', 'мальчиками']	"[""I'm"", 'tired', 'of', 'wearing', 'school', 'tunics', 'I', 'want', 'to', 'wear', 'shorts', 'or', 'a', 'bathing', 'suit', 'and', 'go', 'bathing', 'and', 'climbing', 'with', 'the', 'boys']"
82	"""Well, you'll soon be doing it,"" said Mother, with a laugh. "	— Что ж, скоро ты этим займешься, — сказала мама, засмеявшись. 	['—', 'Что', 'ж', 'скоро', 'ты', 'этим', 'займешься', '—', 'сказала', 'мама', 'засмеявшись']	"['Well', ""you'll"", 'soon', 'be', 'doing', 'it', 'said', 'Mother', 'with', 'a', 'laugh']"
83	"""Remember to put ready any toys or books you want, won't you? "	— Не забудьте приготовить книги и игры, которые вы хотите взять с собой. Ладно? 	['—', 'Не', 'забудьте', 'приготовить', 'книги', 'и', 'игры', 'которые', 'вы', 'хотите', 'взять', 'с', 'собой', 'Ладно']	"['Remember', 'to', 'put', 'ready', 'any', 'toys', 'or', 'books', 'you', 'want', ""won't"", 'you']"
84	"Not many, please, because there won't be a great deal of room."" "	Но, пожалуйста, немного, потому что там довольно тесно. 	['Но', 'пожалуйста', 'немного', 'потому', 'что', 'там', 'довольно', 'тесно']	"['Not', 'many', 'please', 'because', 'there', ""won't"", 'be', 'a', 'great', 'deal', 'of', 'room']"
85	"""Anne wanted to take all her fifteen dolls with her last year,"" said Dick, "	— В прошлом году Энн хотела взять с собой пятнадцать кукол, — сказал Дик. 	['—', 'В', 'прошлом', 'году', 'Энн', 'хотела', 'взять', 'с', 'собой', 'пятнадцать', 'кукол', '—', 'сказал', 'Дик']	['Anne', 'wanted', 'to', 'take', 'all', 'her', 'fifteen', 'dolls', 'with', 'her', 'last', 'year', 'said', 'Dick']
86	"""Do you remember, Anne? "	— Помнишь, Энн? 	['—', 'Помнишь', 'Энн']	['Do', 'you', 'remember', 'Anne']
87	"Weren't you funny?"" "	Вот чудачка! 	['Вот', 'чудачка']	"[""Weren't"", 'you', 'funny']"
88	"""No, I wasn't,"" said Anne, going red. "	— Подумаешь, — возразила Энн, покраснев. 	['—', 'Подумаешь', '—', 'возразила', 'Энн', 'покраснев']	"['No', 'I', ""wasn't"", 'said', 'Anne', 'going', 'red']"
89	"""I love my dolls, and I just couldn't choose which to take— so I thought I'd take them all. "	— Я люблю всех своих кукол и просто не могла выбрать, каких взять, и решила взять всех. 	['—', 'Я', 'люблю', 'всех', 'своих', 'кукол', 'и', 'просто', 'не', 'могла', 'выбрать', 'каких', 'взять', 'и', 'решила', 'взять', 'всех']	"['I', 'love', 'my', 'dolls', 'and', 'I', 'just', ""couldn't"", 'choose', 'which', 'to', 'take—', 'so', 'I', 'thought', ""I'd"", 'take', 'them', 'all']"
90	"There's nothing funny about that."" "	Ничего чудного в этом нет. 	['Ничего', 'чудного', 'в', 'этом', 'нет']	"[""There's"", 'nothing', 'funny', 'about', 'that']"
91	"""And do you remember, the year before, Anne wanted to take the rocking-horse?"" said Dick, with a giggle. "	— А помните, как в позапрошлом году Энн хотела взять с собой свою лошадку-качалку? — продолжал Дик, хихикая. 	['—', 'А', 'помните', 'как', 'в', 'позапрошлом', 'году', 'Энн', 'хотела', 'взять', 'с', 'собой', 'свою', 'лошадку-качалку', '—', 'продолжал', 'Дик', 'хихикая']	['And', 'do', 'you', 'remember', 'the', 'year', 'before', 'Anne', 'wanted', 'to', 'take', 'the', 'rocking-horse', 'said', 'Dick', 'with', 'a', 'giggle']
92	Mother chimed in. 	Тут вмешалась мама: 	['Тут', 'вмешалась', 'мама']	['Mother', 'chimed', 'in']
93	"""You know, I remember a little boy called Dick who put aside two golliwogs, one teddy bear, three toy dogs, two toy cats and his old monkey to take down to Polseath one year,"" she said. "	— А я помню, как однажды маленький мальчик по имени Дик, собираясь в Полсит, приготовил для упаковки двух черномазых кукол-уродцев, медвежонка, трех игрушечных собак, двух кошек и старую обезьянку. 	['—', 'А', 'я', 'помню', 'как', 'однажды', 'маленький', 'мальчик', 'по', 'имени', 'Дик', 'собираясь', 'в', 'Полсит', 'приготовил', 'для', 'упаковки', 'двух', 'черномазых', 'кукол-уродцев', 'медвежонка', 'трех', 'игрушечных', 'собак', 'двух', 'кошек', 'и', 'старую', 'обезьянку']	['You', 'know', 'I', 'remember', 'a', 'little', 'boy', 'called', 'Dick', 'who', 'put', 'aside', 'two', 'golliwogs', 'one', 'teddy', 'bear', 'three', 'toy', 'dogs', 'two', 'toy', 'cats', 'and', 'his', 'old', 'monkey', 'to', 'take', 'down', 'to', 'Polseath', 'one', 'year', 'she', 'said']
94	Then it was Dick's turn to go red. 	Дик, покраснев, тут же переменил тему. 	['Дик', 'покраснев', 'тут', 'же', 'переменил', 'тему']	"['Then', 'it', 'was', ""Dick's"", 'turn', 'to', 'go', 'red']"
95	He changed the subject at once. 	— Папочка, а как мы поедем? 	['—', 'Папочка', 'а', 'как', 'мы', 'поедем']	['He', 'changed', 'the', 'subject', 'at', 'once']
96	"""Daddy, are we going by train or by car?"" he asked. "	Поездом или на машине? — спросил он. 	['Поездом', 'или', 'на', 'машине', '—', 'спросил', 'он']	['Daddy', 'are', 'we', 'going', 'by', 'train', 'or', 'by', 'car', 'he', 'asked']
97	"""By car,"" said Daddy. "	— На машине, — ответил папа. 	['—', 'На', 'машине', '—', 'ответил', 'папа']	['By', 'car', 'said', 'Daddy']
98	"""We can pile everything into the boot. "	— Уложим все в багажник. 	['—', 'Уложим', 'все', 'в', 'багажник']	['We', 'can', 'pile', 'everything', 'into', 'the', 'boot']
99	"Well— what about Tuesday?"" "	Как насчет вторника? 	['Как', 'насчет', 'вторника']	['Well—', 'what', 'about', 'Tuesday']
100	"""That would suit me well,"" said Mother. "	— Меня устраивает, — сказала мама. 	['—', 'Меня', 'устраивает', '—', 'сказала', 'мама']	['That', 'would', 'suit', 'me', 'well', 'said', 'Mother']
101	"""Then we could take the children down, come back, and do our own packing at leisure, and start off for Scotland on the Friday. "	— Отвезем ребят, вернемся домой и в пятницу отправимся в Шотландию. 	['—', 'Отвезем', 'ребят', 'вернемся', 'домой', 'и', 'в', 'пятницу', 'отправимся', 'в', 'Шотландию']	['Then', 'we', 'could', 'take', 'the', 'children', 'down', 'come', 'back', 'and', 'do', 'our', 'own', 'packing', 'at', 'leisure', 'and', 'start', 'off', 'for', 'Scotland', 'on', 'the', 'Friday']
102	"Yes— we'll arrange for Tuesday."" "	Хорошо, пусть будет вторник. 	['Хорошо', 'пусть', 'будет', 'вторник']	"['Yes—', ""we'll"", 'arrange', 'for', 'Tuesday']"
103	So Tuesday it was. 	Итак, отъезд был назначен на вторник. 	['Итак', 'отъезд', 'был', 'назначен', 'на', 'вторник']	['So', 'Tuesday', 'it', 'was']
104	The children counted the days eagerly, and Anne marked one off the calendar each night. 	Ребята нетерпеливо считали дни, а Энн каждый вечер зачеркивала в календаре прошедший день. 	['Ребята', 'нетерпеливо', 'считали', 'дни', 'а', 'Энн', 'каждый', 'вечер', 'зачеркивала', 'в', 'календаре', 'прошедший', 'день']	['The', 'children', 'counted', 'the', 'days', 'eagerly', 'and', 'Anne', 'marked', 'one', 'off', 'the', 'calendar', 'each', 'night']
105	The week seemed a very long time in going. 	Неделя показалась им очень длинной. 	['Неделя', 'показалась', 'им', 'очень', 'длинной']	['The', 'week', 'seemed', 'a', 'very', 'long', 'time', 'in', 'going']
106	But at last Tuesday did come. Dick and Julian, who shared a room, woke up at about the same moment, and stared out of the nearby window. 	Утром во вторник Дик и Джулиан, спавшие в одной комнате, проснулись почти одновременно и выглянули в ближайшее окно. 	['Утром', 'во', 'вторник', 'Дик', 'и', 'Джулиан', 'спавшие', 'в', 'одной', 'комнате', 'проснулись', 'почти', 'одновременно', 'и', 'выглянули', 'в', 'ближайшее', 'окно']	['But', 'at', 'last', 'Tuesday', 'did', 'come', 'Dick', 'and', 'Julian', 'who', 'shared', 'a', 'room', 'woke', 'up', 'at', 'about', 'the', 'same', 'moment', 'and', 'stared', 'out', 'of', 'the', 'nearby', 'window']
107	"""It's a lovely day, hurrah!"" cried Julian, leaping out of bed. "	— День чудесный, ура! — закричал Джулиан, соскакивая с кровати. 	['—', 'День', 'чудесный', 'ура', '—', 'закричал', 'Джулиан', 'соскакивая', 'с', 'кровати']	"[""It's"", 'a', 'lovely', 'day', 'hurrah', 'cried', 'Julian', 'leaping', 'out', 'of', 'bed']"
108	"""I don't know why, but it always seems very important that it should be sunny on the first day of a holiday. "	— Не знаю почему, но всегда хочется, чтобы в первый день каникул светило солнце. 	['—', 'Не', 'знаю', 'почему', 'но', 'всегда', 'хочется', 'чтобы', 'в', 'первый', 'день', 'каникул', 'светило', 'солнце']	"['I', ""don't"", 'know', 'why', 'but', 'it', 'always', 'seems', 'very', 'important', 'that', 'it', 'should', 'be', 'sunny', 'on', 'the', 'first', 'day', 'of', 'a', 'holiday']"
109	"Let's wake Anne."" "	Давай разбудим Энн. 	['Давай', 'разбудим', 'Энн']	"[""Let's"", 'wake', 'Anne']"
110	Anne slept in the next room. 	Энн спала в соседней комнате. 	['Энн', 'спала', 'в', 'соседней', 'комнате']	['Anne', 'slept', 'in', 'the', 'next', 'room']
111	Julian ran in and shook her. 	Джулиан вбежал туда и потряс Энн за плечи. 	['Джулиан', 'вбежал', 'туда', 'и', 'потряс', 'Энн', 'за', 'плечи']	['Julian', 'ran', 'in', 'and', 'shook', 'her']
112	"""Wake up! "	— Проснись! — закричал он. 	['—', 'Проснись', '—', 'закричал', 'он']	['Wake', 'up']
113	"It's Tuesday! And the sun's shining."" "	— Сегодня вторник и светит солнце. 	['—', 'Сегодня', 'вторник', 'и', 'светит', 'солнце']	"[""It's"", 'Tuesday', 'And', 'the', ""sun's"", 'shining']"
114	Anne woke up with a jump and stared at Julian joyfully. 	Энн вскочила и радостно уставилась на Джулиана. 	['Энн', 'вскочила', 'и', 'радостно', 'уставилась', 'на', 'Джулиана']	['Anne', 'woke', 'up', 'with', 'a', 'jump', 'and', 'stared', 'at', 'Julian', 'joyfully']
115	"""It's come at last!"" she said. "	— Наконец-то! — воскликнула она. 	['—', 'Наконец-то', '—', 'воскликнула', 'она']	"[""It's"", 'come', 'at', 'last', 'she', 'said']"
116	"""I thought it never would. "	— Я думала, этот день никогда не наступит. 	['—', 'Я', 'думала', 'этот', 'день', 'никогда', 'не', 'наступит']	['I', 'thought', 'it', 'never', 'would']
117	"Oh, isn't it an exciting feeling to go away for a holiday!"" "	Как интересно уезжать куда-то на каникулы! 	['Как', 'интересно', 'уезжать', 'куда-то', 'на', 'каникулы']	"['Oh', ""isn't"", 'it', 'an', 'exciting', 'feeling', 'to', 'go', 'away', 'for', 'a', 'holiday']"
118	They started soon after breakfast. 	Вскоре после завтрака они отправились в путь. 	['Вскоре', 'после', 'завтрака', 'они', 'отправились', 'в', 'путь']	['They', 'started', 'soon', 'after', 'breakfast']
119	Their car was a big one, so it held them all very comfortably. 	У них была большая машина, так что разместились все очень свободно. 	['У', 'них', 'была', 'большая', 'машина', 'так', 'что', 'разместились', 'все', 'очень', 'свободно']	['Their', 'car', 'was', 'a', 'big', 'one', 'so', 'it', 'held', 'them', 'all', 'very', 'comfortably']
120	Mother sat in front with Daddy, and the three children sat behind, their feet on two suitcases. 	Мама — на переднем сиденье вместе с папой, а трое ребят сзади, поставив ноги на два чемодана. 	['Мама', '—', 'на', 'переднем', 'сиденье', 'вместе', 'с', 'папой', 'а', 'трое', 'ребят', 'сзади', 'поставив', 'ноги', 'на', 'два', 'чемодана']	['Mother', 'sat', 'in', 'front', 'with', 'Daddy', 'and', 'the', 'three', 'children', 'sat', 'behind', 'their', 'feet', 'on', 'two', 'suitcases']
121	In the luggage-place at the back of the car were all kinds of odds and ends, and one small trunk. 	В багажнике в задней части машины находилось все остальное. 	['В', 'багажнике', 'в', 'задней', 'части', 'машины', 'находилось', 'все', 'остальное']	['In', 'the', 'luggage-place', 'at', 'the', 'back', 'of', 'the', 'car', 'were', 'all', 'kinds', 'of', 'odds', 'and', 'ends', 'and', 'one', 'small', 'trunk']
122	Mother really thought they had remembered everything. 	Мама была уверена, что они ничего не забыли. 	['Мама', 'была', 'уверена', 'что', 'они', 'ничего', 'не', 'забыли']	['Mother', 'really', 'thought', 'they', 'had', 'remembered', 'everything']
123	Along the crowded London roads they went, slowly at first, and then, as they left the town behind, more quickly. 	Они ехали по оживленным улицам Лондона, сначала медленно, а потом, когда город остался позади, прибавили скорость. 	['Они', 'ехали', 'по', 'оживленным', 'улицам', 'Лондона', 'сначала', 'медленно', 'а', 'потом', 'когда', 'город', 'остался', 'позади', 'прибавили', 'скорость']	['Along', 'the', 'crowded', 'London', 'roads', 'they', 'went', 'slowly', 'at', 'first', 'and', 'then', 'as', 'they', 'left', 'the', 'town', 'behind', 'more', 'quickly']
124	Soon they were right into the open country, and the car sped along fast. 	Вскоре они оказались на свободном шоссе, и машина быстро побежала вперед. 	['Вскоре', 'они', 'оказались', 'на', 'свободном', 'шоссе', 'и', 'машина', 'быстро', 'побежала', 'вперед']	['Soon', 'they', 'were', 'right', 'into', 'the', 'open', 'country', 'and', 'the', 'car', 'sped', 'along', 'fast']
125	The children sang songs to themselves, as they always did when they were happy. 	Ребята распевали песенки и чувствовали себя счастливыми. 	['Ребята', 'распевали', 'песенки', 'и', 'чувствовали', 'себя', 'счастливыми']	['The', 'children', 'sang', 'songs', 'to', 'themselves', 'as', 'they', 'always', 'did', 'when', 'they', 'were', 'happy']
126	"""Are we picnicking soon?"" asked Anne, feeling hungry all of a sudden. "	— А есть мы будем скоро? — спросила проголодавшаяся вдруг Энн. 	['—', 'А', 'есть', 'мы', 'будем', 'скоро', '—', 'спросила', 'проголодавшаяся', 'вдруг', 'Энн']	['Are', 'we', 'picnicking', 'soon', 'asked', 'Anne', 'feeling', 'hungry', 'all', 'of', 'a', 'sudden']
127	"""Yes,"" said Mother. ""But not yet. It's only eleven o'clock. "	— Скоро, но сейчас ведь только одиннадцать. 	['—', 'Скоро', 'но', 'сейчас', 'ведь', 'только', 'одиннадцать']	"['Yes', 'said', 'Mother', 'But', 'not', 'yet', ""It's"", 'only', 'eleven', ""o'clock""]"
128	"We shan't have lunch till at least half-past twelve, Anne."" "	Второй завтрак будет не раньше половины первого, Энн. 	['Второй', 'завтрак', 'будет', 'не', 'раньше', 'половины', 'первого', 'Энн']	"['We', ""shan't"", 'have', 'lunch', 'till', 'at', 'least', 'half-past', 'twelve', 'Anne']"
129	"""Oh, gracious!"" said Anne. "	— Как жалко! — воскликнула Энн. 	['—', 'Как', 'жалко', '—', 'воскликнула', 'Энн']	['Oh', 'gracious', 'said', 'Anne']
130	"""I know I can't last out till then!"" "	— Я не дотяну до второго завтрака. 	['—', 'Я', 'не', 'дотяну', 'до', 'второго', 'завтрака']	"['I', 'know', 'I', ""can't"", 'last', 'out', 'till', 'then']"
131	So her mother handed her some chocolate, and she and the boys munched happily, watching the hills, woods and fields as the car sped by. 	Тогда мама дала им шоколад, и ребята с удовольствием его жевали, рассматривая холмы, леса и поля, мимо которых мчалась машина. 	['Тогда', 'мама', 'дала', 'им', 'шоколад', 'и', 'ребята', 'с', 'удовольствием', 'его', 'жевали', 'рассматривая', 'холмы', 'леса', 'и', 'поля', 'мимо', 'которых', 'мчалась', 'машина']	['So', 'her', 'mother', 'handed', 'her', 'some', 'chocolate', 'and', 'she', 'and', 'the', 'boys', 'munched', 'happily', 'watching', 'the', 'hills', 'woods', 'and', 'fields', 'as', 'the', 'car', 'sped', 'by']
132	The picnic was lovely. 	Завтрак на природе был чудесным. 	['Завтрак', 'на', 'природе', 'был', 'чудесным']	['The', 'picnic', 'was', 'lovely']
133	They had it on the top of a hill, in a sloping field that looked down into a sunny valley. 	Они устроились высоко на склоне холма, откуда открывался вид на солнечную долину. 	['Они', 'устроились', 'высоко', 'на', 'склоне', 'холма', 'откуда', 'открывался', 'вид', 'на', 'солнечную', 'долину']	['They', 'had', 'it', 'on', 'the', 'top', 'of', 'a', 'hill', 'in', 'a', 'sloping', 'field', 'that', 'looked', 'down', 'into', 'a', 'sunny', 'valley']
134	Anne didn't very much like a big brown cow who came up close and stared at her, but it went away when Daddy told it to. 	Энн слегка испугалась большой бурой коровы, которая подошла близко и уставилась на нее, но папа прогнал корову. 	['Энн', 'слегка', 'испугалась', 'большой', 'бурой', 'коровы', 'которая', 'подошла', 'близко', 'и', 'уставилась', 'на', 'нее', 'но', 'папа', 'прогнал', 'корову']	"['Anne', ""didn't"", 'very', 'much', 'like', 'a', 'big', 'brown', 'cow', 'who', 'came', 'up', 'close', 'and', 'stared', 'at', 'her', 'but', 'it', 'went', 'away', 'when', 'Daddy', 'told', 'it', 'to']"
135	The children ate enormously, and Mother said that instead of having a tea-picnic at half-past four they would have to go to a tea-house somewhere, because they had eaten all the tea sandwiches as well as the lunch ones! 	Ребята ели с большим аппетитом, и мама сказала, что вместо того, чтобы останавливаться для вечернего чаепития на природе, лучше заехать в какую-нибудь чайную, потому что они съели все бутерброды, приготовленные на день. 	['Ребята', 'ели', 'с', 'большим', 'аппетитом', 'и', 'мама', 'сказала', 'что', 'вместо', 'того', 'чтобы', 'останавливаться', 'для', 'вечернего', 'чаепития', 'на', 'природе', 'лучше', 'заехать', 'в', 'какую-нибудь', 'чайную', 'потому', 'что', 'они', 'съели', 'все', 'бутерброды', 'приготовленные', 'на', 'день']	['The', 'children', 'ate', 'enormously', 'and', 'Mother', 'said', 'that', 'instead', 'of', 'having', 'a', 'tea-picnic', 'at', 'half-past', 'four', 'they', 'would', 'have', 'to', 'go', 'to', 'a', 'tea-house', 'somewhere', 'because', 'they', 'had', 'eaten', 'all', 'the', 'tea', 'sandwiches', 'as', 'well', 'as', 'the', 'lunch', 'ones']
136	"""What time shall we be at Aunt Fanny's?"" asked Julian, finishing up the very last sandwich and wishing there were more. "	— В котором часу мы приедем к тете Фанни? — спросил Джулиан, дожевывая самый последний бутерброд. Он не отказался бы еще от одного. 	['—', 'В', 'котором', 'часу', 'мы', 'приедем', 'к', 'тете', 'Фанни', '—', 'спросил', 'Джулиан', 'дожевывая', 'самый', 'последний', 'бутерброд', 'Он', 'не', 'отказался', 'бы', 'еще', 'от', 'одного']	"['What', 'time', 'shall', 'we', 'be', 'at', 'Aunt', ""Fanny's"", 'asked', 'Julian', 'finishing', 'up', 'the', 'very', 'last', 'sandwich', 'and', 'wishing', 'there', 'were', 'more']"
137	"""About six o'clock with luck,"" said Daddy. "	— Если повезет, то часов в шесть, — ответил папа. 	['—', 'Если', 'повезет', 'то', 'часов', 'в', 'шесть', '—', 'ответил', 'папа']	"['About', 'six', ""o'clock"", 'with', 'luck', 'said', 'Daddy']"
138	"""Now who wants to stretch their legs a bit? "	— А теперь кто хочет немного размяться? 	['—', 'А', 'теперь', 'кто', 'хочет', 'немного', 'размяться']	['Now', 'who', 'wants', 'to', 'stretch', 'their', 'legs', 'a', 'bit']
139	"We've another long spell in the car, you know."" "	Нам придется еще долго ехать. 	['Нам', 'придется', 'еще', 'долго', 'ехать']	"[""We've"", 'another', 'long', 'spell', 'in', 'the', 'car', 'you', 'know']"
140	The car seemed to eat up the miles as it purred along. 	Казалось, что машина заглатывает милю за милей, мчась вперед. 	['Казалось', 'что', 'машина', 'заглатывает', 'милю', 'за', 'милей', 'мчась', 'вперед']	['The', 'car', 'seemed', 'to', 'eat', 'up', 'the', 'miles', 'as', 'it', 'purred', 'along']
141	Tea-time came, and then the three children began to feel excited all over again. 	Наступило время чая, и трое ребят опять заволновались. 	['Наступило', 'время', 'чая', 'и', 'трое', 'ребят', 'опять', 'заволновались']	['Tea-time', 'came', 'and', 'then', 'the', 'three', 'children', 'began', 'to', 'feel', 'excited', 'all', 'over', 'again']
142	"""We must watch out for the sea,"" said Dick. "	— Где-то поблизости море, — сказал Дик. 	['—', 'Где-то', 'поблизости', 'море', '—', 'сказал', 'Дик']	['We', 'must', 'watch', 'out', 'for', 'the', 'sea', 'said', 'Dick']
143	"""I can smell it somewhere near!"" "	— Я чувствую его запах. 	['—', 'Я', 'чувствую', 'его', 'запах']	['I', 'can', 'smell', 'it', 'somewhere', 'near']
144	He was right. 	Он оказался прав. 	['Он', 'оказался', 'прав']	['He', 'was', 'right']
145	The car suddenly topped a hill— and there, was the shining blue sea, calm and smooth in the evening sun. 	С вершины холма перед ними открылось море, сверкающее синевой в лучах солнца, спокойное и гладкое. 	['С', 'вершины', 'холма', 'перед', 'ними', 'открылось', 'море', 'сверкающее', 'синевой', 'в', 'лучах', 'солнца', 'спокойное', 'и', 'гладкое']	['The', 'car', 'suddenly', 'topped', 'a', 'hill—', 'and', 'there', 'was', 'the', 'shining', 'blue', 'sea', 'calm', 'and', 'smooth', 'in', 'the', 'evening', 'sun']
146	The three children gave a yell. 	Ребята радостно закричали: 	['Ребята', 'радостно', 'закричали']	['The', 'three', 'children', 'gave', 'a', 'yell']
147	"""There it is!"" "	— Вот оно! 	['—', 'Вот', 'оно']	['There', 'it', 'is']
148	"""Isn't it marvellous!"" "	— Правда, здорово? 	['—', 'Правда', 'здорово']	"[""Isn't"", 'it', 'marvellous']"
149	"""Oh, I want to bathe this very minute!"" "	— Как хочется искупаться! 	['—', 'Как', 'хочется', 'искупаться']	['Oh', 'I', 'want', 'to', 'bathe', 'this', 'very', 'minute']
150	"""We shan't be more than twenty minutes now, before we're at Kirrin Bay,"" said Daddy. "	— До залива Киррин нам осталось ехать не больше двадцати минут, — сказал папа. 	['—', 'До', 'залива', 'Киррин', 'нам', 'осталось', 'ехать', 'не', 'больше', 'двадцати', 'минут', '—', 'сказал', 'папа']	"['We', ""shan't"", 'be', 'more', 'than', 'twenty', 'minutes', 'now', 'before', ""we're"", 'at', 'Kirrin', 'Bay', 'said', 'Daddy']"
151	"""We've made good time. "	— Мы хорошо прокатились. 	['—', 'Мы', 'хорошо', 'прокатились']	"[""We've"", 'made', 'good', 'time']"
152	"You'll see the bay soon— it's quite a big one— with a funny sort of island at the entrance of the bay."" "	Скоро вы увидите залив, он большой, и при входе в него расположен забавный островок. 	['Скоро', 'вы', 'увидите', 'залив', 'он', 'большой', 'и', 'при', 'входе', 'в', 'него', 'расположен', 'забавный', 'островок']	"[""You'll"", 'see', 'the', 'bay', 'soon—', ""it's"", 'quite', 'a', 'big', 'one—', 'with', 'a', 'funny', 'sort', 'of', 'island', 'at', 'the', 'entrance', 'of', 'the', 'bay']"
153	The children looked out for it as they drove along the coast. 	Пока они ехали вдоль берега, ребята искали глазами этот залив. 	['Пока', 'они', 'ехали', 'вдоль', 'берега', 'ребята', 'искали', 'глазами', 'этот', 'залив']	['The', 'children', 'looked', 'out', 'for', 'it', 'as', 'they', 'drove', 'along', 'the', 'coast']
154	Then Julian gave a shout. 	И вот Джулиан закричал: 	['И', 'вот', 'Джулиан', 'закричал']	['Then', 'Julian', 'gave', 'a', 'shout']
155	"""There it is— that must be Kirrin Bay. "	— Залив Киррин! 	['—', 'Залив', 'Киррин']	['There', 'it', 'is—', 'that', 'must', 'be', 'Kirrin', 'Bay']
156	"Look, Dick— isn't it lovely and blue?"" "	Посмотри, Дик, какой он красивый и голубой. 	['Посмотри', 'Дик', 'какой', 'он', 'красивый', 'и', 'голубой']	"['Look', 'Dick—', ""isn't"", 'it', 'lovely', 'and', 'blue']"
157	"""And look at the rocky little island guarding the entrance of the bay,"" said Dick. "	— А ты видишь маленький скалистый островок перед входом в залив? — спросил Дик. 	['—', 'А', 'ты', 'видишь', 'маленький', 'скалистый', 'островок', 'перед', 'входом', 'в', 'залив', '—', 'спросил', 'Дик']	['And', 'look', 'at', 'the', 'rocky', 'little', 'island', 'guarding', 'the', 'entrance', 'of', 'the', 'bay', 'said', 'Dick']
158	"""I'd like to visit that."" "	— Вот бы на нем побывать! 	['—', 'Вот', 'бы', 'на', 'нем', 'побывать']	"[""I'd"", 'like', 'to', 'visit', 'that']"
159	"""Well, I've no doubt you will,"" said Mother. "	— Конечно, побываешь, — заверила мама. 	['—', 'Конечно', 'побываешь', '—', 'заверила', 'мама']	"['Well', ""I've"", 'no', 'doubt', 'you', 'will', 'said', 'Mother']"
160	"""Now, let's look out for Aunt Fanny's house. "	— А теперь поищем дом тети Фанни. 	['—', 'А', 'теперь', 'поищем', 'дом', 'тети', 'Фанни']	"['Now', ""let's"", 'look', 'out', 'for', 'Aunt', ""Fanny's"", 'house']"
161	"It's called Kirrin Cottage."" "	Его называют Киррин-коттедж. 	['Его', 'называют', 'Киррин-коттедж']	"[""It's"", 'called', 'Kirrin', 'Cottage']"
162	They soon came to it. 	Вскоре они подъехали к дому. 	['Вскоре', 'они', 'подъехали', 'к', 'дому']	['They', 'soon', 'came', 'to', 'it']
163	It stood on the low cliff overlooking the bay, and was a very old house indeed. 	Он стоял на скале фасадом к заливу. 	['Он', 'стоял', 'на', 'скале', 'фасадом', 'к', 'заливу']	['It', 'stood', 'on', 'the', 'low', 'cliff', 'overlooking', 'the', 'bay', 'and', 'was', 'a', 'very', 'old', 'house', 'indeed']
164	It wasn't really a cottage, but quite a big house, built of old white stone. 	Это был очень старый, довольно большой дом, построенный из белого камня. 	['Это', 'был', 'очень', 'старый', 'довольно', 'большой', 'дом', 'построенный', 'из', 'белого', 'камня']	"['It', ""wasn't"", 'really', 'a', 'cottage', 'but', 'quite', 'a', 'big', 'house', 'built', 'of', 'old', 'white', 'stone']"
165	Roses climbed over the front of it, and the garden was gay with flowers. 	По его фасаду вились розы, в саду росло множество ярких цветов. 	['По', 'его', 'фасаду', 'вились', 'розы', 'в', 'саду', 'росло', 'множество', 'ярких', 'цветов']	['Roses', 'climbed', 'over', 'the', 'front', 'of', 'it', 'and', 'the', 'garden', 'was', 'gay', 'with', 'flowers']
166	"""Here's Kirrin Cottage,"" said Daddy, and he stopped the car in front of it. "	— Киррин-коттедж, — объявил папа, остановив машину перед ним. 	['—', 'Киррин-коттедж', '—', 'объявил', 'папа', 'остановив', 'машину', 'перед', 'ним']	"[""Here's"", 'Kirrin', 'Cottage', 'said', 'Daddy', 'and', 'he', 'stopped', 'the', 'car', 'in', 'front', 'of', 'it']"
167	"""It's supposed to be about three hundred years old! "	— Считается, что ему около трехсот лет. 	['—', 'Считается', 'что', 'ему', 'около', 'трехсот', 'лет']	"[""It's"", 'supposed', 'to', 'be', 'about', 'three', 'hundred', 'years', 'old']"
168	Now— where's Quentin? 	Где же Квентин? 	['Где', 'же', 'Квентин']	"['Now—', ""where's"", 'Quentin']"
